Id,Name,EntityType,Funding,Color
C1,Telford and Wrekin Council,Council,Local taxation and central government grant,
W1,Admaston & Bratton,Ward,,
W2,Apley Castle,Ward,,
W3,Arleston & College,Ward,,
W4,Brookside,Ward,,
W5,Church Aston & Lilleshall,Ward,,
W6,Dawley & Aqueduct,Ward,,
W7,Donnington,Ward,,
W8,Edgmond,Ward,,
W9,Ercall,Ward,,
W10,Ercall Magna,Ward,,
W11,Hadley & Leegomery,Ward,,
W12,Haygate & Park,Ward,,
W13,Horsehay & Lightmoor,Ward,,
W14,Ironbridge Gorge,Ward,,
W15,Ketley,Ward,,
W16,Lawley,Ward,,
W17,Madeley & Sutton Hill,Ward,,
W18,Malinslee & Dawley Bank,Ward,,
W19,Muxton,Ward,,
W20,Newport East,Ward,,
W21,Newport North,Ward,,
W22,Newport South,Ward,,
W23,Newport West,Ward,,
W24,Oakengates & Ketley Bank,Ward,,
W25,Overdale & The Rock,Ward,,
W26,Priorslee,Ward,,
W27,Shawbirch & Dothill,Ward,,
W28,St Georges,Ward,,
W29,The Nedge,Ward,,
W30,Woodside,Ward,,
W31,Wrockwardine,Ward,,
W32,Wrockwardine Wood & Trench,Ward,,
P1,Chetwynd Aston and Woodcote Parish Council,Parish,,
P2,Chetwynd Parish Council,Parish,,
P3,Church Aston Parish Council,Parish,,
P4,Dawley Hamlets Parish Council,Parish,,
P5,Donnington and Muxton Parish Council,Parish,,
P6,Edgmond Parish Council,Parish,,
P7,Ercall Magna Parish Council,Parish,,
P8,Eyton on the Weald Moors Parish Meeting,Parish,,
P9,Great Dawley Town Council,Parish,,
P10,Hadley and Leegomery Parish Council,Parish,,
P11,Hollinswood and Randlay Parish Council,Parish,,
P12,Ketley Parish Council,Parish,,
P13,Kynnersley Parish Council,Parish,,
P14,Lawley and Overdale Parish Council,Parish,,
P15,Lilleshall Parish Council,Parish,,
P16,Little Wenlock Parish Council,Parish,,
P17,Madeley Town Council,Parish,,
P18,Newport Town Council,Parish,,
P19,Oakengates Town Council,Parish,,
P20,Preston upon the Weald Moors Parish Meeting,Parish,,
P21,Rodington Parish Council,Parish,,
P22,St. Georges and Priorslee Parish Council,Parish,,
P23,Stirchley and Brookside Parish Council,Parish,,
P24,The Gorge Parish Council,Parish,,
P25,Tibberton and Cherrington Parish Council,Parish,,
P26,Waters Upton Parish Council,Parish,,
P27,Wellington Town Council,Parish,,
P28,Wrockwardine Parish Council,Parish,,
P29,Wrockwardine Wood and Trench Parish Council,Parish,,
PW1,Chetwynd Aston,ParishWard,,
PW2,Station Road,ParishWard,,
PW3,Church Aston,ParishWard,,
PW4,Wallshead,ParishWard,,
PW5,Aqueduct,ParishWard,,
PW6,Horsehay,ParishWard,,
PW7,Little Dawley,ParishWard,,
PW8,Nightingale Walk,ParishWard,,
PW9,Smallhill Road,ParishWard,,
PW10,Donnington East,ParishWard,,
PW11,Donnington West,ParishWard,,
PW12,Muxton,ParishWard,,
PW13,The Humbers,ParishWard,,
PW14,High Ercall,ParishWard,,
PW15,Roden,ParishWard,,
PW16,Dawley,ParishWard,,
PW17,Doseley Road,ParishWard,,
PW18,Malinslee,ParishWard,,
PW19,Trinity,ParishWard,,
PW20,Apley Castle,ParishWard,,
PW21,Hadley Castle,ParishWard,,
PW22,Hadley Manor,ParishWard,,
PW23,Horton,ParishWard,,
PW24,Trench Lock,ParishWard,,
PW25,Beveley,ParishWard,,
PW26,Ketley,ParishWard,,
PW27,Lawley Common,ParishWard,,
PW28,Lawley East,ParishWard,,
PW29,Lawley West,ParishWard,,
PW30,Overdale and The Rock,ParishWard,,
PW31,Town Centre,ParishWard,,
PW32,Academy,ParishWard,,
PW33,Cuckoo Oak,ParishWard,,
PW34,Madeley Village,ParishWard,,
PW35,Woodside,ParishWard,,
PW36,Newport East,ParishWard,,
PW37,Newport North,ParishWard,,
PW38,Newport South,ParishWard,,
PW39,Newport West,ParishWard,,
PW40,Hollyhurst,ParishWard,,
PW41,Middle Pool,ParishWard,,
PW42,North,ParishWard,,
PW43,Oakengates and Wombridge,ParishWard,,
PW44,Priorslee,ParishWard,,
PW45,Snedshill,ParishWard,,
PW46,St Georges East,ParishWard,,
PW47,St Georges West,ParishWard,,
PW48,Brookside,ParishWard,,
PW49,Holmer Lake,ParishWard,,
PW50,Stirchley,ParishWard,,
PW51,Coalport and Jackfield,ParishWard,,
PW52,Ironbridge Gorge,ParishWard,,
PW53,Lightmoor,ParishWard,,
PW54,Arleston,ParishWard,,
PW55,College,ParishWard,,
PW56,Dothill,ParishWard,,
PW57,Ercall,ParishWard,,
PW58,Haygate,ParishWard,,
PW59,Meadows,ParishWard,,
PW60,Park,ParishWard,,
PW61,Shawbirch,ParishWard,,
PW62,Admaston & Bratton,ParishWard,,
PW63,Lewis Crescent,ParishWard,,
PW64,Wrockwardine,ParishWard,,
PW65,Kenwray Drive,ParishWard,,
PW66,Trench,ParishWard,,
PW67,Wrockwardine Wood East,ParishWard,,
PW68,Wrockwardine Wood West,ParishWard,,
PA1,Conservative,Party,,#0087DC
PA2,Green,Party,,#6AB023
PA3,HLRA,Party,,
PA4,Independent,Party,,#9C9FA6
PA5,Labour,Party,,#E4003B
PA6,Liberal Democrats,Party,,#FAA61A
PA7,Reform UK,Party,,#12B6CF
PA8,Non-affiliated,Party,,#B7BCC4
