EntityId1,EntityId2,ConnectionType
W1,P28,Boundary
PW62,P28,Boundary
PW62,W1,Boundary
W2,P10,Boundary
PW20,P10,Boundary
PW20,W2,Boundary
W3,P27,Boundary
PW54,P27,Boundary
PW54,W3,Boundary
PW55,P27,Boundary
PW55,W3,Boundary
W4,P23,Boundary
PW48,P23,Boundary
PW48,W4,Boundary
W5,P3,Boundary
PW3,P3,Boundary
PW3,W5,Boundary
PW4,P3,Boundary
PW4,W5,Boundary
W5,P15,Boundary
W6,P4,Boundary
PW5,P4,Boundary
PW5,W6,Boundary
PW7,P4,Boundary
PW7,W6,Boundary
PW9,P4,Boundary
PW9,W6,Boundary
W6,P9,Boundary
PW16,P9,Boundary
PW16,W6,Boundary
W7,P5,Boundary
PW10,P5,Boundary
PW10,W7,Boundary
PW11,P5,Boundary
PW11,W7,Boundary
W8,P6,Boundary
W9,P27,Boundary
PW57,P27,Boundary
PW57,W9,Boundary
W10,P7,Boundary
PW14,P7,Boundary
PW14,W10,Boundary
PW15,P7,Boundary
PW15,W10,Boundary
W10,P10,Boundary
PW23,P10,Boundary
PW23,W10,Boundary
W10,P13,Boundary
W10,P25,Boundary
W10,P26,Boundary
W10,P8,Boundary
W10,P20,Boundary
W11,P10,Boundary
PW21,P10,Boundary
PW21,W11,Boundary
PW22,P10,Boundary
PW22,W11,Boundary
W12,P27,Boundary
PW58,P27,Boundary
PW58,W12,Boundary
PW60,P27,Boundary
PW60,W12,Boundary
PW59,P27,Boundary
PW59,W12,Boundary
W13,P4,Boundary
PW6,P4,Boundary
PW6,W13,Boundary
W13,P24,Boundary
PW53,P24,Boundary
PW53,W13,Boundary
W13,P9,Boundary
PW17,P9,Boundary
PW17,W13,Boundary
W14,P24,Boundary
PW52,P24,Boundary
PW52,W14,Boundary
PW51,P24,Boundary
PW51,W14,Boundary
W15,P12,Boundary
PW25,P12,Boundary
PW25,W15,Boundary
PW26,P12,Boundary
PW26,W15,Boundary
W16,P14,Boundary
PW27,P14,Boundary
PW27,W16,Boundary
PW28,P14,Boundary
PW28,W16,Boundary
PW29,P14,Boundary
PW29,W16,Boundary
W17,P17,Boundary
PW32,P17,Boundary
PW32,W17,Boundary
PW33,P17,Boundary
PW33,W17,Boundary
PW34,P17,Boundary
PW34,W17,Boundary
W18,P9,Boundary
PW18,P9,Boundary
PW18,W18,Boundary
PW19,P9,Boundary
PW19,W18,Boundary
W18,P14,Boundary
PW31,P14,Boundary
PW31,W18,Boundary
W19,P5,Boundary
PW12,P5,Boundary
PW12,W19,Boundary
PW13,P5,Boundary
PW13,W19,Boundary
W20,P18,Boundary
PW36,P18,Boundary
PW36,W20,Boundary
W21,P18,Boundary
PW37,P18,Boundary
PW37,W21,Boundary
W21,P2,Boundary
W22,P18,Boundary
PW38,P18,Boundary
PW38,W22,Boundary
W23,P18,Boundary
PW39,P18,Boundary
PW39,W23,Boundary
W23,P1,Boundary
PW1,P1,Boundary
PW1,W23,Boundary
PW2,P1,Boundary
PW2,W23,Boundary
W24,P19,Boundary
PW43,P19,Boundary
PW43,W24,Boundary
PW40,P19,Boundary
PW40,W24,Boundary
PW41,P19,Boundary
PW41,W24,Boundary
PW42,P19,Boundary
PW42,W24,Boundary
W24,P10,Boundary
PW24,P10,Boundary
PW24,W24,Boundary
W25,P14,Boundary
PW30,P14,Boundary
PW30,W25,Boundary
W25,P11,Boundary
W26,P22,Boundary
PW44,P22,Boundary
PW44,W26,Boundary
W27,P27,Boundary
PW61,P27,Boundary
PW61,W27,Boundary
PW56,P27,Boundary
PW56,W27,Boundary
W28,P22,Boundary
PW46,P22,Boundary
PW46,W28,Boundary
PW47,P22,Boundary
PW47,W28,Boundary
PW45,P22,Boundary
PW45,W28,Boundary
W29,P23,Boundary
PW50,P23,Boundary
PW50,W29,Boundary
PW49,P23,Boundary
PW49,W29,Boundary
W30,P17,Boundary
PW35,P17,Boundary
PW35,W30,Boundary
W30,P4,Boundary
PW8,P4,Boundary
PW8,W30,Boundary
W31,P28,Boundary
PW64,P28,Boundary
PW64,W31,Boundary
PW63,P28,Boundary
PW63,W31,Boundary
W31,P16,Boundary
W31,P21,Boundary
W32,P29,Boundary
PW66,P29,Boundary
PW66,W32,Boundary
PW67,P29,Boundary
PW67,W32,Boundary
PW68,P29,Boundary
PW68,W32,Boundary
PW65,P29,Boundary
PW65,W32,Boundary
