PersonId,EntityId,Role
1,W16,
1,C1,
1,PA5,
1,P14,
1,PW28,
1,P9,
1,PW17,
2,W25,
2,C1,
2,PA5,
2,P19,
2,PW41,
2,P14,
2,PW30,
3,W6,
3,C1,
3,PA5,
4,W11,
4,C1,
4,PA5,
4,P10,
4,PW24,
4,P12,
4,PW26,
5,W18,
5,C1,
5,PA5,
5,P9,Mayor
5,PW19,
6,W3,
6,C1,Leader
6,PA5,
6,P27,
6,PW55,
7,W29,
7,C1,
7,PA5,
7,P9,
7,PW18,
8,W12,
8,C1,
8,PA5,
8,P27,
8,PW58,
9,W18,
9,C1,
9,PA5,Wife of Shaun Davies MP
10,W12,
10,C1,Cabinet member for Strong Communities
10,PA5,
10,P27,
10,PW60,
10,P28,
10,PW64,
11,W7,
11,C1,
11,PA5,
11,P29,
11,PW65,
11,P5,
11,PW11,
12,W4,
12,C1,Speaker
12,PA5,
12,P17,
12,PW33,
12,P23,
12,PW48,
13,W29,
13,C1,Cabinet Member for Safer Streets
13,PA5,
13,P17,
13,PW34,
14,W28,
14,C1,
14,PA5,
14,P19,
14,PW43,
14,P22,
14,PW47,
15,W16,
15,C1,Cabinet Member for Finance and Resident Services
15,PA5,
15,P9,Deputy Chair
15,PW16,
15,P4,Vice Chair
15,PW6,
15,P12,
16,W14,
16,C1,Deputy Leader and Cabinet Member for Neighbourhoods Planning & Sustainability
16,PA5,
16,P24,
16,PW52,
17,W11,
17,C1,
17,PA5,
17,P10,
17,PW21,
17,P12,
17,PW26,
18,W17,
18,C1,
18,PA5,
18,P17,
18,PW33,
19,W11,
19,C1,Deputy speaker
19,PA5,
19,P10,
19,PW22,
20,W24,
20,C1,
20,PA5,
21,W16,
21,C1,
21,PA5,
21,P14,
21,PW29,
22,W9,
22,C1,
22,PA5,
22,P27,
22,PW57,
23,W3,
23,C1,Cabinet Member for Culture Tourism & Leisure
23,PA5,
24,W13,
24,C1,
24,PA5,Deputy Mayor
24,P9,
24,PW18,
24,P4,
24,PW6,
25,W30,
25,C1,Cabinet Member for Public Health and Unlocking Opportunities for All
25,PA5,
25,P17,
25,PW35,
26,W30,
26,C1,
26,PA5,
26,P17,
26,PW35,
27,W29,
27,C1,Mayor
27,PA5,
28,W6,
28,C1,
28,PA5,
28,P9,Deputy Mayor
28,PW16,
28,P4,
28,PW5,
29,W13,
29,C1,
29,PA5,
29,P9,Chair
29,PW16,
29,P4,
29,PW6,
29,P24,
29,PW53,
30,W31,
30,C1,Cabinet Member for Children Young People Education Employment & Skills
30,PA5,
30,P19,
30,PW42,
30,P29,Chair
30,PW66,
31,W24,
31,C1,
31,PA5,
31,P19,Chair
31,PW40,
31,P29,
31,PW66,
32,W24,
32,C1,
32,PA5,
32,P19,
32,PW43,
32,P12,
32,PW26,
33,W15,
33,C1,Wife of Lord Sahota
33,PA5,
33,P12,
33,PW26,
34,W31,
34,C1,
34,PA5,
34,P29,
34,PW66,
35,W7,
35,C1,Cabinet Member for Jobs Transport & Digital Connectivity
35,PA5,
35,P5,
35,PW11,
36,W17,
36,C1,Cabinet Member for Adult Care and Independent Living
36,PA5,
36,P17,
36,PW34,
37,W17,
37,C1,
37,PA5,
37,P17,
37,PW33,
38,W10,
38,C1,
38,PA1,
38,P7,
38,PW14,
38,P13,
38,P6,
39,W8,
39,C1,
39,PA1,
39,P25,
40,W19,
40,C1,
40,PA1,
40,P5,
40,PW12,
41,W5,
41,C1,
41,PA1,Group Leader
41,P1,
42,W21,
42,C1,
42,PA1,
42,P18,
42,PW37,
43,W31,
43,C1,
43,PA1,
43,P28,
43,PW64,
44,W26,
44,C1,
44,PA1,
44,P22,
44,PW44,
45,W26,
45,C1,
45,PA1,
45,P22,
45,PW44,
46,W2,
46,C1,
46,PA6,
47,W22,
47,C1,Deputy Group Leader
47,PA6,
47,P18,
47,PW38,
48,W20,
48,C1,
48,PA6,
48,P18,
48,PW36,
49,W27,
49,C1,
49,PA6,
49,P27,
49,PW56,
50,W27,
50,C1,Group Leader
50,PA6,
51,W1,
51,C1,
51,PA6,
51,P28,
51,PW62,
52,W28,
52,C1,
52,PA4,
52,P5,
52,PW10,
52,P22,
52,PW47,
52,P29,
52,PW67,
53,W23,
53,C1,
53,PA4,
53,P18,
53,PW39,
54,W19,
54,C1,
54,PA4,
54,P5,
54,PW12,
55,PA5,
55,P9,
55,PW16,
56,PA5,
56,P9,
56,PW16,
56,P17,
57,PA5,
57,P9,
57,PW18,
57,P17,
58,PA5,
58,P9,
58,PW18,
59,PA5,
59,P9,
59,PW18,
60,PA5,
60,P9,
60,PW18,
61,PA5,
61,P9,
61,PW18,
62,PA5,
62,P4,Chair
62,PW5,
63,PA5,
63,P4,
63,PW5,
64,PA4,
64,P4,
64,PW7,
65,PA8,
65,P4,
65,PW8,
66,PA1,
66,P4,
66,PW9,
67,PA4,
68,PA8,
68,P1,Chair
69,PA8,
69,P1,Vice Chair
70,PA8,
70,P1,
71,PA8,
71,P1,
72,PA8,
72,P1,
73,PA8,
73,P1,
74,PA8,
74,P1,
75,PA8,
75,P3,Chair
76,PA8,
76,P3,Vice Chair
77,PA8,
77,P3,
78,PA8,
78,P3,
79,PA8,
79,P3,
80,PA8,
80,P3,
81,PA8,
81,P3,
82,PA8,
82,P3,
83,PA8,
83,P3,
84,PA8,
84,P3,
85,PA8,
85,P5,
86,PA8,
86,P5,
87,PA8,
87,P5,
87,P16,
88,PA8,
88,P5,
89,PA8,
89,P5,
90,PA8,
90,P5,
91,PA8,
91,P5,
92,PA8,
92,P6,Chair
93,PA8,
93,P6,Vice Chair
94,PA8,
94,P6,
95,PA8,
95,P6,
96,PA8,
96,P6,
97,PA8,
97,P6,
98,PA8,
98,P6,
99,PA8,
99,P6,
100,PA8,
100,P6,
101,PA8,
101,P6,
102,PA8,
102,P6,
103,PA8,
103,P7,Chair
104,PA8,
104,P7,Vice Chair
105,PA8,
105,P7,
106,PA8,
106,P7,
107,PA8,
107,P7,
108,PA8,
108,P7,
109,PA8,
109,P7,
110,PA8,
110,P7,
111,PA8,
111,P7,
112,PA8,
112,P7,
112,P26,
113,PA8,
113,P7,
114,PA8,
114,P7,
115,PA1,
115,P10,
116,PA1,Chair of Wrekin Conservative Association
116,P10,
116,P28,
117,PA5,
117,P10,
118,PA5,
118,P10,
119,PA5,
119,P10,
120,PA5,
120,P10,
121,PA5,
121,P10,
122,PA4,
122,P10,
123,PA3,
123,P10,
124,PA3,
124,P10,
125,PA7,
125,P10,
126,PA5,
126,P10,
127,PA4,
127,P10,
128,PA8,
128,P11,
129,PA8,
129,P11,
130,PA8,
130,P11,
131,PA8,
131,P11,
132,PA8,
132,P11,
133,PA8,
133,P11,
134,PA8,
134,P11,
135,PA8,
135,P11,
136,PA8,
136,P11,Vice Chair
137,PA8,
137,P11,Chair
138,PA8,
138,P11,
139,PA8,
139,P11,
139,P23,Vice Chair
140,PA8,
140,P12,
141,PA8,
141,P12,
142,PA8,
142,P12,
143,PA8,
143,P12,
144,PA8,
144,P12,
145,PA8,
145,P13,
146,PA8,
146,P13,
147,PA8,
147,P13,
148,PA8,
148,P13,
149,PA8,
149,P14,
150,PA8,
150,P14,
151,PA8,
151,P14,
152,PA8,
152,P15,Chair
153,PA8,
153,P15,Vice Chair
154,PA8,
154,P15,
155,PA8,
155,P15,
156,PA8,
156,P15,
157,PA8,
157,P15,
158,PA8,
158,P15,
159,PA8,
159,P16,
160,PA8,
160,P16,Chair
161,PA8,
161,P16,Vice Chair
162,PA8,
162,P16,
163,PA8,
163,P16,
164,PA5,
164,P17,Deputy Mayor
165,PA5,
165,P17,
166,PA5,
166,P17,
167,PA5,
167,P17,
168,PA5,
168,P17,
169,PA5,
169,P17,
169,P22,
170,PA5,
170,P17,
170,P22,
171,PA7,
171,P17,
172,PA8,
172,P18,
173,PA8,
173,P18,
174,PA8,
174,P18,
175,PA8,
175,P18,Deputy Mayor
176,PA8,
176,P18,
177,PA8,
177,P18,
178,PA8,
178,P18,
179,PA8,
179,P18,
180,PA8,
180,P18,
181,PA5,
181,P19,
181,P29,
182,PA5,
182,P19,
182,P29,
183,PA5,
183,P19,
184,PA5,
184,P19,
185,PA7,
185,P19,
186,PA8,
186,P21,Chair
187,PA8,
187,P21,Vice Chair
188,PA8,
188,P21,
189,PA8,
189,P21,
190,PA8,
190,P21,
191,PA2,
191,P21,
192,PA8,
192,P22,
193,PA8,
193,P22,
193,P29,
194,PA8,
194,P22,
195,PA8,
195,P22,
195,P29,
196,PA8,
196,P22,
197,PA8,
197,P22,
198,PA8,
198,P23,
199,PA8,
199,P23,
200,PA8,
200,P23,
201,PA8,
201,P23,
202,PA8,
202,P23,Chair
203,PA8,
203,P23,
204,PA8,
204,P23,
205,PA8,
205,P23,
206,PA8,
206,P23,
207,PA8,
207,P23,
208,PA8,
208,P23,
209,PA8,
209,P24,Chair
210,PA8,
210,P24,
211,PA8,
211,P24,
212,PA8,
212,P24,
213,PA8,
213,P24,
214,PA8,
214,P24,
215,PA8,
215,P25,Chair
216,PA8,
216,P25,Vice Chair
217,PA8,
217,P25,
218,PA8,
218,P25,
219,PA8,
219,P25,
220,PA8,
220,P25,
221,PA8,
221,P26,Chair
222,PA8,
222,P26,
223,PA8,
223,P26,
224,PA8,
224,P26,
225,PA5,
225,P27,
226,PA5,
226,P27,Mayor
227,PA5,
227,P27,
228,PA1,
228,P27,
229,PA5,
229,P27,
230,PA5,
230,P27,
231,PA5,
231,P27,
232,PA5,
232,P27,
233,PA5,
233,P27,
234,PA5,
234,P27,
235,PA6,
235,P27,
236,PA5,
236,P27,
237,PA6,
237,P27,
238,PA6,
238,P27,
239,PA8,
239,P28,Chair
240,PA8,
240,P28,Vice Chair
241,PA8,
241,P28,
242,PA8,
242,P28,
243,PA8,
243,P28,
244,PA8,
244,P28,
245,PA8,
245,P29,
246,PA8,
246,P29,
247,PA8,
247,P6,Parish Clerk
247,P7,Parish Clerk
247,P26,
