Id,Name,Comments,PictureUrl
1,Erin Aston,,https://democracy.telford.gov.uk/UserData/7/1/8/Info00000817/smallpic.jpg
2,Mark Boylan,,https://democracy.telford.gov.uk/UserData/6/4/1/Info00000146/smallpic.jpg
3,Andy Burford,,https://democracy.telford.gov.uk/UserData/2/3/1/Info00000132/smallpic.jpg
4,Eileen Callear,,https://democracy.telford.gov.uk/UserData/8/1/3/Info00000318/smallpic.jpg
5,Ben Carter,,https://democracy.telford.gov.uk/UserData/9/6/9/Info00000969/smallpic.jpg
6,Lee Carter,,https://democracy.telford.gov.uk/UserData/5/4/1/Info00000145/smallpic.jpg
7,Corrine Chikandamina,,https://democracy.telford.gov.uk/UserData/5/7/8/Info00000875/smallpic.jpg
8,Graham Cook,,https://democracy.telford.gov.uk/UserData/4/2/1/Info00000124/smallpic.jpg
9,Elise Davies,,https://democracy.telford.gov.uk/UserData/0/2/8/Info00000820/smallpic.jpg
10,Paul Davis,,https://democracy.telford.gov.uk/UserData/5/1/8/Info00000815/smallpic.jpg
11,Fiona Doran,,https://democracy.telford.gov.uk/UserData/2/1/8/Info00000812/smallpic.jpg
12,Arnold England,,https://democracy.telford.gov.uk/UserData/3/3/1/Info00000133/smallpic.jpg
13,Nathan England,,https://democracy.telford.gov.uk/UserData/2/6/1/Info00000162/smallpic.jpg
14,Stephen Handley,,https://democracy.telford.gov.uk/UserData/3/2/8/Info00000823/smallpic.jpg
15,Zona Hannington,,https://democracy.telford.gov.uk/UserData/8/1/8/Info00000818/smallpic.jpg
16,Carolyn Healy,,https://democracy.telford.gov.uk/UserData/7/1/3/Info00000317/smallpic.jpg
17,Amrik Jhawar,,https://democracy.telford.gov.uk/UserData/9/1/3/Info00000319/smallpic.jpg
18,Janice Jones,,https://democracy.telford.gov.uk/UserData/4/5/1/Info00000154/smallpic.jpg
19,Julie Kaur,,https://democracy.telford.gov.uk/UserData/2/0/9/Info00000902/smallpic.jpg
20,Gilly Latham-Reynolds,,https://democracy.telford.gov.uk/UserData/4/3/1/Info00000134/smallpic.jpg
21,Luke Lewis,,https://democracy.telford.gov.uk/UserData/9/1/8/Info00000819/smallpic.jpg
22,Giles Luter,,https://democracy.telford.gov.uk/UserData/4/1/8/Info00000814/smallpic.jpg
23,Angela McClements,,https://democracy.telford.gov.uk/UserData/0/3/1/Info00000130/smallpic.jpg
24,Raj Mehta,,https://democracy.telford.gov.uk/UserData/1/3/1/Info00000131/smallpic.jpg
25,Kelly Middleton,,https://democracy.telford.gov.uk/UserData/6/1/3/Info00000316/smallpic.jpg
26,Helena Morgan,,https://democracy.telford.gov.uk/UserData/5/2/8/Info00000825/smallpic.jpg
27,Nathalie Page,,https://democracy.telford.gov.uk/UserData/3/0/9/Info00000903/smallpic.jpg
28,Lyndsey Parker,,https://democracy.telford.gov.uk/UserData/1/1/8/Info00000811/smallpic.jpg
29,Ian Preece,,https://democracy.telford.gov.uk/UserData/1/6/6/Info00000661/smallpic.jpg
30,Shirley Reynolds,,https://democracy.telford.gov.uk/UserData/9/6/1/Info00000169/smallpic.jpg
31,Stephen Reynolds,,https://democracy.telford.gov.uk/UserData/9/3/1/Info00000139/smallpic.jpg
32,Hilda Rhodes,,https://democracy.telford.gov.uk/UserData/9/2/1/Info00000129/smallpic.jpg
33,Rabir Sahota,,https://democracy.telford.gov.uk/UserData/6/1/8/Info00000816/smallpic.jpg
34,John Thompson,,https://democracy.telford.gov.uk/UserData/3/2/3/Info00000323/smallpic.jpg
35,Ollie Vickers,,https://democracy.telford.gov.uk/UserData/3/1/8/Info00000813/smallpic.jpg
36,Paul Watling,,https://democracy.telford.gov.uk/UserData/3/2/1/Info00000123/smallpic.jpg
37,Derek White,,https://democracy.telford.gov.uk/UserData/0/2/3/Info00000320/smallpic.jpg
38,Steve Bentley,,https://democracy.telford.gov.uk/UserData/8/4/1/Info00000148/smallpic.png
39,Stephen Burrell,,https://democracy.telford.gov.uk/UserData/2/5/1/Info00000152/smallpic.jpg
40,Nigel Dugmore,,https://democracy.telford.gov.uk/UserData/6/5/1/Info00000156/smallpic.jpg
41,Andrew Eade,,https://democracy.telford.gov.uk/UserData/1/2/1/Info00000121/smallpic.jpg
42,Tim Nelson,,https://democracy.telford.gov.uk/UserData/4/6/1/Info00000164/smallpic.jpg
43,Gareth Thomas,,https://democracy.telford.gov.uk/UserData/9/0/8/Info00000809/smallpic.jpg
44,Paul Thomas,,https://democracy.telford.gov.uk/UserData/6/2/8/Info00000826/smallpic.jpg
45,Rachael Tyrell,,https://democracy.telford.gov.uk/UserData/7/2/8/Info00000827/smallpic.jpg
46,Karen Blundell,,https://democracy.telford.gov.uk/UserData/7/2/1/Info00000127/smallpic.jpg
47,Thomas Janke,,https://democracy.telford.gov.uk/UserData/2/2/3/Info00000322/smallpic.jpg
48,Sarah Syrda,,https://democracy.telford.gov.uk/UserData/2/2/8/Info00000822/smallpic.jpg
49,Karen Tomlinson,,https://democracy.telford.gov.uk/UserData/4/4/1/Info00000144/smallpic.jpg
50,Bill Tomlinson,,https://democracy.telford.gov.uk/UserData/7/4/1/Info00000147/smallpic.jpg
51,Kim Tonks,,https://democracy.telford.gov.uk/UserData/0/1/8/Info00000810/smallpic.jpg
52,Richard Overton,,https://democracy.telford.gov.uk/UserData/0/2/1/Info00000120/smallpic.jpg
53,Peter Scott,,https://democracy.telford.gov.uk/UserData/3/6/1/Info00000163/smallpic.jpg
54,Jenny Urey,,https://democracy.telford.gov.uk/UserData/1/2/8/Info00000821/smallpic.jpg
55,Margaret Hunt,,https://greatdawley.org/wp-content/uploads/2022/03/Maggie-Hunt.jpg
56,Stefan Heighway,,https://greatdawley.org/wp-content/uploads/2022/03/Stefan-Heighway.jpg
57,Anthony Morgan,,https://greatdawley.org/wp-content/uploads/2024/12/Anthony-Morgan.png
58,Barry Parnaby,,https://greatdawley.org/wp-content/uploads/2022/03/Barry-Parnaby.jpg
59,Byron Cooke,,https://greatdawley.org/wp-content/uploads/2022/03/Byron-Cooke.jpg
60,Daniel Blasczyk,,https://greatdawley.org/wp-content/uploads/2022/03/Dan-Blasczyk.jpg
61,Emma Pooler,,https://greatdawley.org/wp-content/uploads/2024/08/Emma-Pooler.png
62,Bob Wennington,,https://www.dawleyhamlets-pc.gov.uk/sites/default/files/styles/large/public/picture_-_bob_wennington.jpg?itok=KujSCXFD&sc=67df4f0ac6c59712d6ca0b27dd602096
63,Sue Wennington,,https://www.dawleyhamlets-pc.gov.uk/sites/default/files/styles/large/public/picture_-_sue_wennington_1.jpg?itok=oH1xTkCy&sc=3a3630036d16b09f5e23d35205a29cd8
64,Kate Barnes,,https://www.dawleyhamlets-pc.gov.uk/sites/default/files/styles/large/public/kates_barnes_photo.jpeg?itok=AY7rVGh9&sc=69cad86ffd26ccd42846f3af038ee331
65,Mark Rogers,,https://www.dawleyhamlets-pc.gov.uk/sites/default/files/styles/large/public/picture_-_mark_rogers.jpg?itok=0xGShmZT&sc=3c4246e9341b888566f8bccf6afa580c
66,Jack Hudson,,https://www.dawleyhamlets-pc.gov.uk/sites/default/files/styles/large/public/jack_hudson.jpeg?itok=VKzc4TDI&sc=c30f31b12e47fb77316fa2a7d3a7f392
67,Steve Barnes,,
68,Luke Hardy,,
69,Ian Stevens,,
70,Andrew Eade,,
71,Steven Magosfalvi,,
72,Victoria Pollard,,
73,Bridget Page,,
74,Will Askin,,
75,Simon Stacey,,
76,Paul Evans,,
77,John Pay,,
78,Brian Richards,,
79,Pat Sansom,,
80,Andy Stokes,,
81,Billie Knight,,
82,Robert Wynn,,
83,Greg Williams,,
84,Greg Tolland,,
85,James Gough,,
86,Zoe Harrison,,
87,Thomas Hoof,,
88,Robin Coates,,
89,Lisa Dugmore,,
90,Sonja Randhawa,,
91,Lucy Vickers,,
92,Allan Wilson,,
93,Marion Barton,,
94,Joyce Darby,,
95,Keith Arbuthnot,,
96,Julian Brunger,,
97,Yvonne Brunger,,
98,Cath Edwards,,
99,John Hammersley,,
100,Robert Higginson,,
101,Gwyn Jones,,
102,Michelle Wilson,,
103,Kevin Connor,,
104,Raymond Wickson,,
105,Elaine Aston,,
106,Michael Bould,,
107,Richard Bruckshaw,,
108,Richard Hartshorn,,
109,Roger Higgins,,
110,Sandie Noyes Thomas,,
111,Adrian Priest,,
112,Christopher Purves,,
113,Sam Taylor,,
114,Sandy Walker,,
115,Paul Savage,,
116,Stuart Parr,,
117,Carol Hughes,,
118,Jared Callear,,
119,Phil Millward,,
120,Dr Shaukat Ali,,
121,Sajid Younis,,
122,Jasmine Bennett,,
123,Jon Snell,,
124,Thomas King,,
125,Andrew Benion,,
126,Jordan Keeble,,
127,David Brown,,
128,P Cranfield,,
129,J Creed,,
130,P Farrar,,
131,J Johnson,,
132,P Krajewski,,
133,C Prescott,,
134,Rev M Salifu,,
135,S Snell,,
136,H Unwin,,
137,Sheenagh Unwin,,
138,R Tyrrell,,
139,S Vaughan-Hodkinson,,
140,Sam Millward Thomas,,
141,Nick Heath,,
142,Helen Barker,,
143,Dave Elliott,,
144,Sukh Thiara,,
145,Neil Dobson,,
146,Rebecca Evans,,
147,Roger Turner,,
148,Ruth Evans,,
149,Emma Holding,,
150,Mike Povall,,
151,Cathy Salter,,
152,Bob Taylor,,
153,Carol Binnington,,
154,Peter Challinor,,
155,Lawrence Harvey,,
156,Thomas Hoof,,
157,Linda Parker,,
158,Philip Clayton,,
159,John Owen,,
160,Dave Cooper,,
161,Louise Pennells,,
162,Dave Owen,,
163,Elaine Adams,,
164,Rae Evans,,
165,Sue Taylor,,
166,Jim Loveridge,,
167,Peter Cogings,,
168,Clifford Ansah Baiden,,
169,Andy Harrison,,
170,Sarah Harrison,,
171,Tony Wakeman,,
172,David Ellams,,
173,Heather Brennan,,
174,Jeremy Good,,
175,Bill Harper,,
176,Mark Wiggin,,
177,Paul Crewe,,
178,Ian Perry,,
179,Thomas King,,
180,Rachel Keen,,
181,Stella Anne Abbott,,
182,Neil Abbott,,
183,Gareth Holloway,,
184,Lynne Holloway,,
185,Alan Adams,,
186,Martin Holyoake,,
187,Tom Currie,,
188,Brian Gaskin,,
189,Sue Hodgskin,,
190,Helen Tilston,,
191,Sue McGavin,,
192,Rob Cadman,,
193,Robert Wyatt,,
194,Jane Little,,
195,Gurdip Singh,,
196,Janine Smart,,
197,Andrew Morris,,
198,Zulu Mandela,,
199,Tim Skidmore,,
200,Chad Addison,,
201,Tom Wust,,
202,Tammy Wood,,
203,Adrian Watkin,,
204,Mercy Anne Salifu,,
205,Greg Sinclair,,
206,Clare Lloyd,,
207,Joshua Malcolm,,
208,James Anderson,,
209,Alan Taylor (chair),,
210,Maureen Bragg,,
211,Tony Hobson,,
212,Tim Keegan,,
213,Alena Marek,,
214,Jason Stokes,,
215,Nick Eyles,,
216,Jim Berry,,
217,Mark Stubbs,,
218,Jeremy Good,,
219,Rob Arnot,,
220,Gabriella Parkes,,
221,Jonathan Quin,,
222,Lynda Baker Oliver,,
223,Terry Revitt,,
224,Kate Hamilton,,
225,Joan Gorse,,
226,Reg Snell,,
227,John Latter,,
228,Lisa Jinks,,
229,Jim McGinn,,
230,Gemma Davis,,
231,Lionel Woolley,,
232,Hugh Sanders,,
233,Simon Day,,
234,Stuart Williams,,
235,Stephen de Launey,,
236,Julie Pierce,,
237,Martyn Jobe,,
238,Anthony Lowe,,
239,P Cooper (chair),,
240,R Eade (vice chair),,
241,E Ballantyne,,
242,K Ballantyne,,
243,P Bevis,,
244,J Savage,,
245,Tina Thompson,,
246,Phil Rowding,,
247,Katrina Baker,,
